PassengerId,Survived,Pclass,Sex,Age,SibSp,Fare,Embarked_C,Embarked_Q,Embarked_S
1,0,3,1,0.2711736617240512,1,-0.5024451714361923,False,False,True
2,1,1,0,0.4722292033174164,1,0.7868452935884461,True,False,False
3,1,3,0,0.32143754712239253,0,-0.4888542575852486,False,False,True
4,1,1,0,0.4345312892686604,1,0.4207302360686478,False,False,True
5,0,3,1,0.4345312892686604,0,-0.4863374216869257,False,False,True
6,0,3,1,0.34656948982156316,0,-0.47811642890864375,False,True,False
7,0,1,1,0.6732847449107816,0,0.395813560675251,False,False,True
8,0,3,1,0.01985423473234481,3,-0.22408312108167944,False,False,True
9,1,3,0,0.33400351847197784,0,-0.4242561406845337,False,False,True
10,1,2,0,0.17064589092736868,1,-0.04295550208861426,True,False,False
11,1,3,0,0.04498617743151546,1,-0.312172377522981,False,False,True
12,1,1,0,0.723548630309123,0,-0.11384570873513637,False,False,True
13,0,3,1,0.24604171902488062,0,-0.4863374216869257,False,False,True
14,0,3,1,0.4847951746670017,1,-0.01870931177853076,False,False,True
15,0,3,0,0.17064589092736868,0,-0.4902797934380587,False,False,True
16,1,2,0,0.685850716260367,0,-0.3262666585535892,False,False,True
17,0,3,1,0.01985423473234481,4,-0.06199888922968463,False,True,False
18,1,2,1,0.34656948982156316,0,-0.3866707201133388,False,False,True
19,0,3,0,0.38426740387031916,1,-0.2859972841804228,False,False,True
20,1,3,0,0.34656948982156316,0,-0.5029485386158568,True,False,False
21,0,2,1,0.4345312892686604,0,-0.12491978668775715,False,False,True
22,1,2,1,0.4219653179190751,0,-0.3866707201133388,False,False,True
23,1,3,0,0.18321186227695402,0,-0.4867562231804066,False,True,False
24,1,1,1,0.34656948982156316,0,0.06635974158478332,False,False,True
25,0,3,0,0.09525006282985675,3,-0.22408312108167944,False,False,True
26,1,3,0,0.4722292033174164,1,-0.016444159470040135,False,False,True
27,0,3,1,0.34656948982156316,0,-0.5029485386158568,True,False,False
28,0,1,1,0.2334757476752953,3,4.647001076532463,False,False,True
29,1,3,0,0.34656948982156316,0,-0.48977642625839407,False,True,False
30,0,3,1,0.34656948982156316,0,-0.4894421904510968,False,False,True
31,0,1,1,0.49736114601658704,0,-0.09027201697708476,True,False,False
32,1,1,0,0.34656948982156316,1,2.301728820789,True,False,False
33,1,3,0,0.34656948982156316,0,-0.49237782784290063,False,True,False
34,0,2,1,0.8240764011058055,0,-0.43700743807979686,False,False,True
35,0,1,1,0.34656948982156316,1,1.0060617003323709,True,False,False
36,0,1,1,0.5224930887157577,1,0.39858208016340624,False,False,True
37,1,3,1,0.34656948982156316,0,-0.5028639729296732,True,False,False
38,0,3,1,0.2586076903744659,0,-0.4863374216869257,False,False,True
39,0,3,0,0.22090977632571,2,-0.2859972841804228,False,False,True
40,1,3,0,0.17064589092736868,1,-0.42207354059350805,True,False,False
41,0,3,0,0.49736114601658704,1,-0.4576454924460446,False,False,True
42,0,2,0,0.33400351847197784,1,-0.22559322262067316,False,False,True
43,0,3,1,0.34656948982156316,0,-0.4894421904510968,True,False,False
44,1,2,0,0.032420206081930136,1,0.18876253192945994,True,False,False
45,1,3,0,0.2334757476752953,0,-0.48977642625839407,False,True,False
46,0,3,1,0.34656948982156316,0,-0.4863374216869257,False,False,True
47,0,3,1,0.34656948982156316,1,-0.3363340021468808,False,True,False
48,1,3,0,0.34656948982156316,0,-0.49237782784290063,False,True,False
49,0,3,1,0.34656948982156316,2,-0.21191774308354583,True,False,False
50,0,3,0,0.22090977632571,1,-0.29002422161773944,False,False,True
51,0,3,1,0.08268409148027142,4,0.1506737441786005,False,False,True
52,0,3,1,0.2586076903744659,0,-0.4913710934835715,False,False,True
53,1,1,0,0.610454888162855,1,0.8964967865378598,True,False,False
54,1,2,0,0.35913546117114853,1,-0.12491978668775715,False,False,True
55,0,1,1,0.8115104297562202,0,0.5995101505357573,True,False,False
56,1,1,1,0.34656948982156316,0,0.06635974158478332,False,False,True
57,1,2,0,0.2586076903744659,0,-0.43700743807979686,False,False,True
58,0,3,1,0.35285247549635584,0,-0.5028639729296732,True,False,False
59,1,2,0,0.05755214878110078,1,-0.08968408411123653,False,False,True
60,0,3,1,0.1329479768786127,5,0.2958951755118318,False,False,True
61,0,3,1,0.2711736617240512,0,-0.5028639729296732,True,False,False
62,1,1,0,0.4722292033174164,0,0.962353321387736,False,False,True
63,0,1,1,0.5601910027645137,1,1.0323213593611125,False,False,True
64,0,3,1,0.04498617743151546,3,-0.08666388103324908,False,False,True
65,0,1,1,0.34656948982156316,0,-0.09027201697708476,True,False,False
66,1,3,1,0.34656948982156316,1,-0.3414522396297103,True,False,False
67,1,2,0,0.35913546117114853,0,-0.43700743807979686,False,False,True
68,0,3,1,0.2334757476752953,0,-0.4841568350646187,False,False,True
69,1,3,0,0.20834380497612465,4,-0.4888542575852486,False,False,True
70,0,3,1,0.32143754712239253,2,-0.47400492578514347,False,False,True
71,0,2,1,0.39683337521990447,0,-0.43700743807979686,False,False,True
72,0,3,0,0.19577783362653933,5,0.2958951755118318,False,False,True
73,0,2,1,0.2586076903744659,0,0.8314778546749452,False,False,True
74,0,3,1,0.32143754712239253,1,-0.3573908580066095,True,False,False
75,1,3,1,0.39683337521990447,0,0.48910360681684706,False,False,True
76,0,3,1,0.3088715757728072,0,-0.494391296561559,False,False,True
77,0,3,1,0.34656948982156316,0,-0.4894421904510968,False,False,True
78,0,3,1,0.34656948982156316,0,-0.4863374216869257,False,False,True
79,1,2,1,0.005152048253329982,0,-0.06451572512800753,False,False,True
80,1,3,0,0.37170143252073384,0,-0.397241430886295,False,False,True
81,0,3,1,0.2711736617240512,0,-0.46720946885967163,False,False,True
82,1,3,1,0.35913546117114853,0,-0.45714212526638004,False,False,True
83,1,3,0,0.34656948982156316,0,-0.49162277707340374,False,True,False
84,0,1,1,0.34656948982156316,0,0.29992211294914856,False,False,True
85,1,2,0,0.20834380497612465,0,-0.43700743807979686,False,False,True
86,1,3,0,0.4093993465694898,3,-0.32928686163157667,False,False,True
87,0,3,1,0.19577783362653933,1,0.04370821849987721,False,False,True
88,0,3,1,0.34656948982156316,0,-0.4863374216869257,False,False,True
89,1,1,0,0.2837396330736366,3,4.647001076532463,False,False,True
90,0,3,1,0.2963056044232219,0,-0.4863374216869257,False,False,True
91,0,3,1,0.35913546117114853,0,-0.4863374216869257,False,False,True
92,0,3,1,0.24604171902488062,0,-0.4902797934380587,False,False,True
93,0,1,1,0.5727569741140991,1,0.5833178351003071,False,False,True
94,0,3,1,0.32143754712239253,1,-0.23415046467497105,False,False,True
95,0,3,1,0.7361146016587082,0,-0.5024451714361923,False,False,True
96,0,3,1,0.34656948982156316,0,-0.4863374216869257,False,False,True
97,0,1,1,0.8869062578537321,0,0.0493298231623713,True,False,False
98,1,1,1,0.2837396330736366,0,0.6272778976347743,True,False,False
99,1,2,0,0.4219653179190751,0,-0.18532384824750675,False,False,True
100,0,2,1,0.4219653179190751,1,-0.12491978668775715,False,False,True
101,0,3,0,0.34656948982156316,0,-0.4894421904510968,False,False,True
102,0,3,1,0.34656948982156316,0,-0.4894421904510968,False,False,True
103,0,1,1,0.2586076903744659,0,0.907737982394129,False,False,True
104,0,3,1,0.4093993465694898,0,-0.4741720436887921,False,False,True
105,0,3,1,0.4596632319678311,2,-0.4888542575852486,False,False,True
106,0,3,1,0.34656948982156316,0,-0.4894421904510968,False,False,True
107,1,3,0,0.2586076903744659,0,-0.494391296561559,False,False,True
108,1,3,1,0.34656948982156316,0,-0.4918744606632361,False,False,True
109,0,3,1,0.4722292033174164,0,-0.4894421904510968,False,False,True
110,1,3,0,0.34656948982156316,1,-0.1621689579829361,False,True,False
111,0,1,1,0.5853229454636844,0,0.39858208016340624,False,False,True
112,0,3,0,0.17692887660216136,1,-0.3573908580066095,True,False,False
113,0,3,1,0.2711736617240512,0,-0.4863374216869257,False,False,True
114,0,3,0,0.24604171902488062,1,-0.4505983519307405,False,False,True
115,0,3,0,0.20834380497612465,0,-0.3573083057891445,True,False,False
116,0,3,1,0.2586076903744659,0,-0.4888542575852486,False,False,True
117,0,3,1,0.8806232721789394,0,-0.49237782784290063,False,True,False
118,0,2,1,0.35913546117114853,1,-0.22559322262067316,False,False,True
119,0,1,1,0.2963056044232219,0,4.335332226633905,True,False,False
120,0,3,0,0.01985423473234481,4,-0.01870931177853076,False,False,True
121,0,2,1,0.2586076903744659,2,0.8314778546749452,False,False,True
122,0,3,1,0.34656948982156316,0,-0.4863374216869257,False,False,True
123,0,2,1,0.40311636089469716,1,-0.04295550208861426,True,False,False
124,1,2,0,0.40311636089469716,0,-0.3866707201133388,False,False,True
125,0,1,1,0.6732847449107816,0,0.907737982394129,False,False,True
126,1,3,1,0.14551394822819805,1,-0.42207354059350805,True,False,False
127,0,3,1,0.34656948982156316,0,-0.49237782784290063,False,True,False
128,1,3,1,0.2963056044232219,0,-0.5046257580584992,False,False,True
129,1,3,0,0.34656948982156316,1,-0.19824427701513722,True,False,False
130,0,3,1,0.5601910027645137,0,-0.5079822104125026,False,False,True
131,0,3,1,0.4093993465694898,0,-0.4894421904510968,True,False,False
132,0,3,1,0.24604171902488062,0,-0.5064721088735089,False,False,True
133,0,3,0,0.5853229454636844,1,-0.35646868933346404,False,False,True
134,1,2,0,0.35913546117114853,1,-0.12491978668775715,False,False,True
135,0,2,1,0.3088715757728072,0,-0.3866707201133388,False,False,True
136,0,2,1,0.2837396330736366,0,-0.3454791770670269,True,False,False
137,1,1,0,0.2334757476752953,0,-0.11921562980779811,False,False,True
138,0,1,1,0.4596632319678311,1,0.4207302360686478,False,False,True
139,0,3,1,0.19577783362653933,0,-0.4628462821463391,False,False,True
140,0,1,1,0.2963056044232219,0,0.9462455716384695,True,False,False
141,0,3,0,0.34656948982156316,0,-0.3414522396297103,True,False,False
142,1,3,0,0.2711736617240512,0,-0.49237782784290063,False,False,True
143,1,3,0,0.2963056044232219,1,-0.32928686163157667,False,False,True
144,0,3,1,0.2334757476752953,0,-0.5125125150294839,False,True,False
145,0,2,1,0.22090977632571,0,-0.41687275089321363,False,False,True
146,0,2,1,0.2334757476752953,1,0.09152810056801232,False,False,True
147,1,3,1,0.33400351847197784,0,-0.49145565916975514,False,False,True
148,0,3,0,0.10781603417944208,2,0.04370821849987721,False,False,True
149,0,2,1,0.4533802462930384,0,-0.12491978668775715,False,False,True
150,0,2,1,0.5224930887157577,0,-0.3866707201133388,False,False,True
151,0,2,1,0.6355868308620256,0,-0.39623469652696586,False,False,True
152,1,1,0,0.2711736617240512,1,0.6925485130875209,False,False,True
153,0,3,1,0.6921337019351597,0,-0.4863374216869257,False,False,True
154,0,3,1,0.5036441316913798,0,-0.35646868933346404,False,False,True
155,0,3,1,0.34656948982156316,0,-0.5011867534870308,False,False,True
156,0,1,1,0.6355868308620256,0,0.5874293382238074,True,False,False
157,1,3,0,0.19577783362653933,0,-0.49271407711891657,False,True,False
158,0,3,1,0.37170143252073384,0,-0.4863374216869257,False,False,True
159,0,3,1,0.34656948982156316,0,-0.47400492578514347,False,False,True
160,0,3,1,0.34656948982156316,8,0.7519458402879414,False,False,True
161,0,3,1,0.5476250314149284,0,-0.32425318983493084,False,False,True
162,1,2,0,0.49736114601658704,0,-0.331300330350235,False,False,True
163,0,3,1,0.32143754712239253,0,-0.4918744606632361,False,False,True
164,0,3,1,0.20834380497612465,0,-0.47400492578514347,False,False,True
165,0,3,1,0.007288263382759488,4,0.1506737441786005,False,False,True
166,1,3,1,0.10781603417944208,0,-0.2351571990343002,False,False,True
167,1,1,0,0.34656948982156316,0,0.4589861417231558,False,False,True
168,0,3,0,0.5601910027645137,1,-0.08666388103324908,False,False,True
169,0,1,1,0.34656948982156316,0,-0.12642988822675086,False,False,True
170,0,3,1,0.34656948982156316,0,0.48910360681684706,False,False,True
171,0,1,1,0.7612465443578789,0,0.026090367211616904,False,False,True
172,0,3,1,0.04498617743151546,4,-0.06199888922968463,False,True,False
173,1,3,0,0.007288263382759488,1,-0.4242561406845337,False,False,True
174,0,3,1,0.2586076903744659,0,-0.4888542575852486,False,False,True
175,0,1,1,0.6984166876099522,0,-0.030371322596999754,True,False,False
176,0,3,1,0.22090977632571,1,-0.4902797934380587,False,False,True
177,0,3,1,0.34656948982156316,3,-0.13565761536436197,False,False,True
178,0,1,0,0.6230208595124404,0,-0.07030444769415023,True,False,False
179,0,2,1,0.37170143252073384,0,-0.3866707201133388,False,False,True
180,0,3,1,0.4470972606182458,0,-0.6484216535389205,False,False,True
181,0,3,0,0.34656948982156316,8,0.7519458402879414,False,False,True
182,0,2,1,0.34656948982156316,0,-0.34539461138084326,True,False,False
183,0,3,1,0.10781603417944208,4,-0.016444159470040135,False,False,True
184,1,2,1,0.007288263382759488,2,0.13683114673782454,False,False,True
185,1,3,0,0.04498617743151546,0,-0.20495516825442542,False,False,True
186,0,1,1,0.34656948982156316,0,0.3583127057902398,False,False,True
187,1,3,0,0.34656948982156316,1,-0.3363340021468808,False,True,False
188,1,1,1,0.5601910027645137,0,-0.11384570873513637,False,False,True
189,0,3,1,0.49736114601658704,1,-0.3363340021468808,False,True,False
190,0,3,1,0.4470972606182458,0,-0.4894421904510968,False,False,True
191,1,2,0,0.39683337521990447,0,-0.3866707201133388,False,False,True
192,0,2,1,0.2334757476752953,0,-0.3866707201133388,False,False,True
193,1,3,0,0.2334757476752953,1,-0.4902797934380587,False,False,True
194,1,2,1,0.032420206081930136,1,-0.12491978668775715,False,False,True
195,1,1,0,0.5476250314149284,0,-0.09027201697708476,True,False,False
196,1,1,0,0.723548630309123,0,2.301728820789,True,False,False
197,0,3,1,0.34656948982156316,0,-0.49237782784290063,False,True,False
198,0,3,1,0.5224930887157577,0,-0.47920571548543794,False,False,True
199,1,3,0,0.34656948982156316,0,-0.49237782784290063,False,True,False
200,0,2,0,0.2963056044232219,0,-0.3866707201133388,False,False,True
201,0,3,1,0.34656948982156316,0,-0.45714212526638004,False,False,True
202,0,3,1,0.34656948982156316,8,0.7519458402879414,False,False,True
203,0,3,1,0.4219653179190751,0,-0.5176307525123133,False,False,True
204,0,3,1,0.5664739884393064,0,-0.5029485386158568,True,False,False
205,1,3,1,0.22090977632571,0,-0.4863374216869257,False,False,True
206,0,3,0,0.01985423473234481,0,-0.43776248884929375,False,False,True
207,0,3,1,0.39683337521990447,1,-0.32928686163157667,False,False,True
208,1,3,1,0.32143754712239253,0,-0.2701412180209885,True,False,False
209,1,3,0,0.19577783362653933,0,-0.49237782784290063,False,True,False
210,1,1,1,0.49736114601658704,0,-0.024246350754841113,True,False,False
211,0,3,1,0.2963056044232219,0,-0.5064721088735089,False,False,True
212,1,2,0,0.4345312892686604,0,-0.22559322262067316,False,False,True
213,0,3,1,0.2711736617240512,0,-0.5024451714361923,False,False,True
214,0,2,1,0.37170143252073384,0,-0.3866707201133388,False,False,True
215,0,3,1,0.34656948982156316,1,-0.49237782784290063,False,True,False
216,1,1,0,0.38426740387031916,1,1.6323350375212924,True,False,False
217,1,3,0,0.33400351847197784,0,-0.4888542575852486,False,False,True
218,0,2,1,0.5224930887157577,1,-0.10478509950117394,False,False,True
219,1,1,0,0.39683337521990447,0,0.8876878608937296,True,False,False
220,0,2,1,0.37170143252073384,0,-0.43700743807979686,False,False,True
221,1,3,1,0.19577783362653933,0,-0.4863374216869257,False,False,True
222,0,2,1,0.33400351847197784,0,-0.3866707201133388,False,False,True
223,0,3,1,0.6355868308620256,0,-0.4863374216869257,False,False,True
224,0,3,1,0.34656948982156316,0,-0.4894421904510968,False,False,True
225,1,1,1,0.4722292033174164,1,1.163700193253568,False,False,True
226,0,3,1,0.2711736617240512,0,-0.4601623283443675,False,False,True
227,1,2,1,0.2334757476752953,0,-0.43700743807979686,False,False,True
228,0,3,1,0.2523247046996733,0,-0.5024451714361923,False,False,True
229,0,2,1,0.22090977632571,0,-0.3866707201133388,False,False,True
230,0,3,0,0.34656948982156316,3,-0.13565761536436197,False,False,True
231,1,1,0,0.4345312892686604,1,1.0323213593611125,False,False,True
232,0,3,1,0.35913546117114853,0,-0.4918744606632361,False,False,True
233,0,2,1,0.7361146016587082,0,-0.3766033765200472,False,False,True
234,1,3,0,0.05755214878110078,4,-0.016444159470040135,False,False,True
235,0,2,1,0.2963056044232219,0,-0.43700743807979686,False,False,True
236,0,3,0,0.34656948982156316,0,-0.49640476528021726,False,False,True
237,0,2,1,0.5476250314149284,1,-0.12491978668775715,False,False,True
238,1,2,0,0.09525006282985675,0,-0.11988611489111134,False,False,True
239,0,2,1,0.2334757476752953,0,-0.43700743807979686,False,False,True
240,0,2,1,0.4093993465694898,0,-0.4012683683236117,False,False,True
241,0,3,0,0.34656948982156316,1,-0.3573908580066095,True,False,False
242,1,3,0,0.34656948982156316,1,-0.3363340021468808,False,True,False
243,0,2,1,0.35913546117114853,0,-0.43700743807979686,False,False,True
244,0,3,1,0.2711736617240512,0,-0.5049620073345151,False,False,True
245,0,3,1,0.37170143252073384,0,-0.5029485386158568,True,False,False
246,0,1,1,0.5476250314149284,2,1.163700193253568,False,True,False
247,0,3,0,0.3088715757728072,0,-0.4918744606632361,False,False,True
248,1,2,0,0.2963056044232219,0,-0.35646868933346404,False,False,True
249,1,1,1,0.4596632319678311,1,0.40974072380221066,False,False,True
250,0,2,1,0.6732847449107816,1,-0.12491978668775715,False,False,True
251,0,3,1,0.34656948982156316,0,-0.5024451714361923,False,False,True
252,0,3,0,0.35913546117114853,1,-0.43776248884929375,False,False,True
253,0,1,1,0.7738125157074642,0,-0.11384570873513637,False,False,True
254,0,3,1,0.37170143252073384,1,-0.32425318983493084,False,False,True
255,0,3,0,0.5099271173661725,0,-0.2414492887801075,False,False,True
256,1,3,0,0.35913546117114853,0,-0.3414522396297103,True,False,False
257,1,1,0,0.34656948982156316,0,0.9462455716384695,True,False,False
258,1,1,0,0.37170143252073384,0,1.093228788100527,False,False,True
259,1,1,0,0.4345312892686604,0,9.667166525013505,True,False,False
260,1,2,0,0.6230208595124404,0,-0.12491978668775715,False,False,True
261,0,3,1,0.34656948982156316,0,-0.49237782784290063,False,True,False
262,1,3,1,0.032420206081930136,4,-0.016444159470040135,False,False,True
263,0,1,1,0.648152802211611,1,0.955306180872432,False,False,True
264,0,1,1,0.49736114601658704,0,-0.6484216535389205,False,False,True
265,0,3,0,0.34656948982156316,0,-0.49237782784290063,False,True,False
266,0,2,1,0.4470972606182458,0,-0.43700743807979686,False,False,True
267,0,3,1,0.19577783362653933,4,0.1506737441786005,False,False,True
268,1,3,1,0.3088715757728072,1,-0.4918744606632361,False,False,True
269,1,1,0,0.723548630309123,0,2.441497778832105,False,False,True
270,1,1,0,0.4345312892686604,0,2.0825124140450755,False,False,True
271,0,1,1,0.34656948982156316,0,-0.024246350754841113,False,False,True
272,1,3,1,0.3088715757728072,0,-0.6484216535389205,False,False,True
273,1,2,0,0.5099271173661725,0,-0.255795253400548,False,False,True
274,0,1,1,0.4596632319678311,0,-0.05042144409739929,True,False,False
275,1,3,0,0.34656948982156316,0,-0.49237782784290063,False,True,False
276,1,1,0,0.7863784870570495,1,0.921244330558889,False,False,True
277,0,3,0,0.5601910027645137,0,-0.49237782784290063,False,False,True
278,0,2,1,0.34656948982156316,0,-0.6484216535389205,False,False,True
279,0,3,1,0.08268409148027142,4,-0.06199888922968463,False,True,False
280,1,3,0,0.4345312892686604,1,-0.24069423801061057,False,False,True
281,0,3,1,0.8115104297562202,0,-0.49237782784290063,False,True,False
282,0,3,1,0.34656948982156316,0,-0.4902797934380587,False,False,True
283,0,3,1,0.19577783362653933,0,-0.45714212526638004,False,False,True
284,1,3,1,0.2334757476752953,0,-0.4863374216869257,False,False,True
285,0,1,1,0.34656948982156316,0,-0.12491978668775715,False,False,True
286,0,3,1,0.4093993465694898,0,-0.47400492578514347,True,False,False
287,1,3,1,0.37170143252073384,0,-0.45714212526638004,False,False,True
288,0,3,1,0.2711736617240512,0,-0.4894421904510968,False,False,True
289,1,2,1,0.5224930887157577,0,-0.3866707201133388,False,False,True
290,1,3,0,0.2711736617240512,0,-0.49237782784290063,False,True,False
291,1,1,0,0.32143754712239253,0,0.9391984311231651,False,False,True
292,1,1,0,0.2334757476752953,1,1.1854295476653287,True,False,False
293,0,2,1,0.4470972606182458,0,-0.3891875560116617,True,False,False
294,0,3,0,0.2963056044232219,0,-0.4702296719376591,False,False,True
295,0,3,1,0.2963056044232219,0,-0.4894421904510968,False,False,True
296,0,1,1,0.34656948982156316,0,-0.09027201697708476,True,False,False
297,0,3,1,0.2900226187484292,0,-0.5028639729296732,True,False,False
298,0,1,0,0.01985423473234481,1,2.4029901895877646,False,False,True
299,1,1,1,0.34656948982156316,0,-0.034313694348132716,False,False,True
300,1,1,0,0.6230208595124404,0,4.335332226633905,True,False,False
301,1,3,0,0.34656948982156316,0,-0.49237782784290063,False,True,False
302,1,3,1,0.34656948982156316,2,-0.18029017645086096,False,True,False
303,0,3,1,0.2334757476752953,0,-0.6484216535389205,False,False,True
304,1,2,0,0.34656948982156316,0,-0.3997582667846179,False,True,False
305,0,3,1,0.34656948982156316,0,-0.4863374216869257,False,False,True
306,1,1,1,0.006282985674792663,1,2.4029901895877646,False,False,True
307,1,1,0,0.34656948982156316,0,1.5841789061771412,True,False,False
308,1,1,0,0.20834380497612465,1,1.5442457810799908,True,False,False
309,0,2,1,0.37170143252073384,1,-0.16518916106092355,True,False,False
310,1,1,0,0.37170143252073384,0,0.49782998024351216,True,False,False
311,1,1,0,0.2963056044232219,0,1.0259447039291216,True,False,False
312,1,1,0,0.22090977632571,2,4.634416897040849,True,False,False
313,0,2,0,0.32143754712239253,1,-0.12491978668775715,False,False,True
314,0,3,1,0.34656948982156316,0,-0.4894421904510968,False,False,True
315,0,2,1,0.5350590600653431,1,-0.11988611489111134,False,False,True
316,1,3,0,0.32143754712239253,0,-0.4902797934380587,False,False,True
317,1,2,0,0.2963056044232219,1,-0.12491978668775715,False,False,True
318,0,2,1,0.6732847449107816,0,-0.36653603292675563,False,False,True
319,1,1,0,0.38426740387031916,0,2.671117778445337,False,False,True
320,1,1,0,0.49736114601658704,1,2.059693773056521,True,False,False
321,0,3,1,0.2711736617240512,0,-0.5024451714361923,False,False,True
322,0,3,1,0.33400351847197784,0,-0.4894421904510968,False,False,True
323,1,2,0,0.37170143252073384,0,-0.3997582667846179,False,True,False
324,1,2,0,0.2711736617240512,1,-0.06451572512800753,False,False,True
325,0,3,1,0.34656948982156316,8,0.7519458402879414,False,False,True
326,1,1,0,0.4470972606182458,0,2.0825124140450755,True,False,False
327,0,3,1,0.7612465443578789,0,-0.5228315422126077,False,False,True
328,1,2,0,0.4470972606182458,0,-0.3866707201133388,False,False,True
329,1,3,0,0.38426740387031916,1,-0.2351571990343002,False,False,True
330,1,1,0,0.19577783362653933,0,0.5189714017894245,True,False,False
331,1,3,0,0.34656948982156316,2,-0.18029017645086096,False,True,False
332,0,1,1,0.5664739884393064,0,-0.07458306872129913,False,False,True
333,0,1,1,0.4722292033174164,0,2.441497778832105,False,False,True
334,0,3,1,0.19577783362653933,2,-0.2859972841804228,False,False,True
335,1,1,0,0.34656948982156316,1,2.042579288947925,False,False,True
336,0,3,1,0.34656948982156316,0,-0.4894421904510968,False,False,True
337,0,1,1,0.35913546117114853,1,0.6925485130875209,False,False,True
338,1,1,0,0.5099271173661725,0,2.059693773056521,True,False,False
339,1,3,1,0.5601910027645137,0,-0.4863374216869257,False,False,True
340,0,1,1,0.5601910027645137,0,0.06635974158478332,False,False,True
341,1,2,1,0.01985423473234481,1,-0.12491978668775715,False,False,True
342,1,1,0,0.2963056044232219,3,4.647001076532463,False,False,True
343,0,2,1,0.34656948982156316,0,-0.3866707201133388,False,False,True
344,0,2,1,0.3088715757728072,0,-0.3866707201133388,False,False,True
345,0,2,1,0.4470972606182458,0,-0.3866707201133388,False,False,True
346,1,2,0,0.2963056044232219,0,-0.3866707201133388,False,False,True
347,1,2,0,0.49736114601658704,0,-0.3866707201133388,False,False,True
348,1,3,0,0.34656948982156316,1,-0.32425318983493084,False,False,True
349,1,3,1,0.032420206081930136,1,-0.32828012727224753,False,False,True
350,0,3,1,0.5224930887157577,0,-0.47400492578514347,False,False,True
351,0,3,1,0.2837396330736366,0,-0.4626791642426904,False,False,True
352,0,1,1,0.34656948982156316,0,0.05629239799149171,False,False,True
353,0,3,1,0.18321186227695402,1,-0.5028639729296732,True,False,False
354,0,3,1,0.3088715757728072,1,-0.29002422161773944,False,False,True
355,0,3,1,0.34656948982156316,0,-0.5029485386158568,True,False,False
356,0,3,1,0.34656948982156316,0,-0.45714212526638004,False,False,True
357,1,1,0,0.2711736617240512,0,0.4589861417231558,False,False,True
358,0,2,0,0.4722292033174164,0,-0.3866707201133388,False,False,True
359,1,3,0,0.34656948982156316,0,-0.48977642625839407,False,True,False
360,1,3,0,0.34656948982156316,0,-0.48977642625839407,False,True,False
361,0,3,1,0.49736114601658704,1,-0.08666388103324908,False,False,True
362,0,2,1,0.35913546117114853,1,-0.09027201697708476,True,False,False
363,0,3,0,0.5601910027645137,0,-0.3573908580066095,True,False,False
364,0,3,1,0.4345312892686604,0,-0.5064721088735089,False,False,True
365,0,3,1,0.34656948982156316,1,-0.3363340021468808,False,True,False
366,0,3,1,0.37170143252073384,0,-0.5024451714361923,False,False,True
367,1,1,0,0.7486805730082936,1,0.8667135572514657,True,False,False
368,1,3,0,0.34656948982156316,0,-0.5028639729296732,True,False,False
369,1,3,0,0.34656948982156316,0,-0.49237782784290063,False,True,False
370,1,1,0,0.2963056044232219,0,0.7469121684912956,True,False,False
371,1,1,1,0.3088715757728072,1,0.4678796330534696,True,False,False
372,0,3,1,0.22090977632571,1,-0.5176307525123133,False,False,True
373,0,3,1,0.2334757476752953,0,-0.4863374216869257,False,False,True
374,0,1,1,0.2711736617240512,0,2.0825124140450755,True,False,False
375,0,3,0,0.032420206081930136,3,-0.22408312108167944,False,False,True
376,1,1,0,0.34656948982156316,1,1.0060617003323709,True,False,False
377,1,3,0,0.2711736617240512,0,-0.5024451714361923,False,False,True
378,0,1,1,0.33400351847197784,0,3.610064686423428,True,False,False
379,0,3,1,0.24604171902488062,0,-0.5676312212027554,True,False,False
380,0,3,1,0.2334757476752953,0,-0.4918744606632361,False,False,True
381,1,1,0,0.5224930887157577,0,3.9327230485884233,True,False,False
382,1,3,0,0.007288263382759488,0,-0.33146744825388363,True,False,False
383,0,3,1,0.39683337521990447,0,-0.4888542575852486,False,False,True
384,1,1,0,0.4345312892686604,1,0.39858208016340624,False,False,True
385,0,3,1,0.34656948982156316,0,-0.4894421904510968,False,False,True
386,0,2,1,0.22090977632571,0,0.8314778546749452,False,False,True
387,0,3,1,0.007288263382759488,5,0.2958951755118318,False,False,True
388,1,2,0,0.4470972606182458,0,-0.3866707201133388,False,False,True
389,0,3,1,0.34656948982156316,0,-0.49279662933638163,False,True,False
390,1,2,0,0.20834380497612465,0,-0.40680540729992204,True,False,False
391,1,1,1,0.4470972606182458,1,1.7677408088510642,False,False,True
392,1,3,1,0.2586076903744659,0,-0.49145565916975514,False,False,True
393,0,3,1,0.34656948982156316,2,-0.4888542575852486,False,False,True
394,1,1,0,0.2837396330736366,1,1.6323350375212924,True,False,False
395,1,3,0,0.2963056044232219,0,-0.312172377522981,False,False,True
396,0,3,1,0.2711736617240512,0,-0.49145565916975514,False,False,True
397,0,3,0,0.38426740387031916,0,-0.4902797934380587,False,False,True
398,0,2,1,0.5727569741140991,0,-0.12491978668775715,False,False,True
399,0,2,1,0.2837396330736366,0,-0.43700743807979686,False,False,True
400,1,2,0,0.34656948982156316,0,-0.393717860628643,False,False,True
401,1,3,1,0.4847951746670017,0,-0.4888542575852486,False,False,True
402,0,3,1,0.32143754712239253,0,-0.4863374216869257,False,False,True
403,0,3,0,0.2586076903744659,1,-0.4505983519307405,False,False,True
404,0,3,1,0.34656948982156316,1,-0.32928686163157667,False,False,True
405,0,3,0,0.24604171902488062,0,-0.47400492578514347,False,False,True
406,0,2,1,0.4219653179190751,1,-0.22559322262067316,False,False,True
407,0,3,1,0.6355868308620256,0,-0.49237782784290063,False,False,True
408,1,2,1,0.032420206081930136,1,-0.2708962687904854,False,False,True
409,0,3,1,0.2586076903744659,0,-0.4918744606632361,False,False,True
410,0,3,0,0.34656948982156316,3,-0.13565761536436197,False,False,True
411,0,3,1,0.34656948982156316,0,-0.4894421904510968,False,False,True
412,0,3,1,0.34656948982156316,0,-0.5103319284071769,False,True,False
413,1,1,0,0.4093993465694898,1,1.163700193253568,False,True,False
414,0,2,1,0.34656948982156316,0,-0.6484216535389205,False,False,True
415,1,3,1,0.5476250314149284,0,-0.4888542575852486,False,False,True
416,0,3,0,0.34656948982156316,0,-0.4863374216869257,False,False,True
417,1,2,0,0.4219653179190751,1,0.005955680025033696,False,False,True
418,1,2,0,0.22090977632571,0,-0.3866707201133388,False,False,True
419,0,2,1,0.37170143252073384,0,-0.3866707201133388,False,False,True
420,0,3,0,0.12038200552902739,0,-0.1621689579829361,False,False,True
421,0,3,1,0.34656948982156316,0,-0.4894421904510968,True,False,False
422,0,3,1,0.2586076903744659,0,-0.49271407711891657,False,True,False
423,0,3,1,0.35913546117114853,0,-0.4898609919445778,False,False,True
424,0,3,0,0.34656948982156316,1,-0.35848215805212236,False,False,True
425,0,3,1,0.22090977632571,1,-0.2414492887801075,False,False,True
426,0,3,1,0.34656948982156316,0,-0.5024451714361923,False,False,True
427,1,2,0,0.34656948982156316,1,-0.12491978668775715,False,False,True
428,1,2,0,0.2334757476752953,0,-0.12491978668775715,False,False,True
429,0,3,1,0.34656948982156316,0,-0.49237782784290063,False,True,False
430,1,3,1,0.39683337521990447,0,-0.4863374216869257,False,False,True
431,1,1,1,0.34656948982156316,0,-0.11384570873513637,False,False,True
432,1,3,0,0.34656948982156316,1,-0.32425318983493084,False,False,True
433,1,2,0,0.5224930887157577,1,-0.12491978668775715,False,False,True
434,0,3,1,0.20834380497612465,0,-0.5049620073345151,False,False,True
435,0,1,1,0.6230208595124404,1,0.4771073601910807,False,False,True
436,1,1,0,0.17064589092736868,1,1.7677408088510642,False,False,True
437,0,3,0,0.2586076903744659,2,0.04370821849987721,False,False,True
438,1,2,0,0.2963056044232219,2,-0.2708962687904854,False,False,True
439,0,1,1,0.7989444584066349,1,4.647001076532463,False,False,True
440,0,2,1,0.38426740387031916,0,-0.43700743807979686,False,False,True
441,1,2,0,0.5601910027645137,1,-0.11988611489111134,False,False,True
442,0,3,1,0.24604171902488062,0,-0.45714212526638004,False,False,True
443,0,3,1,0.3088715757728072,1,-0.4918744606632361,False,False,True
444,1,2,0,0.34656948982156316,0,-0.3866707201133388,False,False,True
445,1,3,1,0.34656948982156316,0,-0.48507900373776425,False,False,True
446,1,1,1,0.04498617743151546,0,0.9997696105865636,False,False,True
447,1,2,0,0.15807991957778336,0,-0.255795253400548,False,False,True
448,1,1,1,0.4219653179190751,0,-0.11384570873513637,False,False,True
449,1,3,0,0.05755214878110078,2,-0.26066180729354516,True,False,False
450,1,1,1,0.648152802211611,0,-0.034313694348132716,False,False,True
451,0,2,1,0.4470972606182458,1,-0.08968408411123653,False,False,True
452,0,3,1,0.34656948982156316,1,-0.2463983948905696,False,False,True
453,0,1,1,0.37170143252073384,0,-0.08968408411123653,True,False,False
454,1,1,1,0.610454888162855,1,1.145663540471827,True,False,False
455,0,3,1,0.34656948982156316,0,-0.4863374216869257,False,False,True
456,1,3,1,0.35913546117114853,0,-0.4894421904510968,True,False,False
457,0,1,1,0.8115104297562202,0,-0.11384570873513637,False,False,True
458,1,1,0,0.34656948982156316,1,0.395813560675251,False,False,True
459,1,2,0,0.6230208595124404,0,-0.43700743807979686,False,False,True
460,0,3,1,0.34656948982156316,0,-0.49237782784290063,False,True,False
461,1,1,1,0.5978889168132697,0,-0.11384570873513637,False,False,True
462,0,3,1,0.4219653179190751,0,-0.4863374216869257,False,False,True
463,0,1,1,0.5853229454636844,0,0.12676380314453292,False,False,True
464,0,2,1,0.5978889168132697,0,-0.3866707201133388,False,False,True
465,0,3,1,0.34656948982156316,0,-0.4863374216869257,False,False,True
466,0,3,1,0.4722292033174164,0,-0.5064721088735089,False,False,True
467,0,2,1,0.34656948982156316,0,-0.6484216535389205,False,False,True
468,0,1,1,0.6984166876099522,0,-0.11384570873513637,False,False,True
469,0,3,1,0.34656948982156316,0,-0.4928811950225652,False,True,False
470,1,3,0,0.0041467705453631576,2,-0.26066180729354516,True,False,False
471,0,3,1,0.34656948982156316,0,-0.5024451714361923,False,False,True
472,0,3,1,0.4722292033174164,0,-0.47400492578514347,False,False,True
473,1,2,0,0.4093993465694898,1,-0.08968408411123653,False,False,True
474,1,2,0,0.2837396330736366,0,-0.3707300882677209,True,False,False
475,0,3,0,0.2711736617240512,0,-0.45034666834090825,False,False,True
476,0,1,1,0.34656948982156316,0,0.39858208016340624,False,False,True
477,0,2,1,0.4219653179190751,1,-0.22559322262067316,False,False,True
478,0,3,1,0.35913546117114853,1,-0.5065566745596926,False,False,True
479,0,3,1,0.2711736617240512,0,-0.4969926981460655,False,False,True
480,1,3,0,0.01985423473234481,0,-0.4010166847337793,False,False,True
481,0,3,1,0.10781603417944208,5,0.2958951755118318,False,False,True
482,0,2,1,0.34656948982156316,0,-0.6484216535389205,False,False,True
483,0,3,1,0.6230208595124404,0,-0.4863374216869257,False,False,True
484,1,3,0,0.7863784870570495,0,-0.455380340137554,False,False,True
485,1,1,1,0.3088715757728072,1,1.1854295476653287,True,False,False
486,0,3,0,0.34656948982156316,3,-0.13565761536436197,False,False,True
487,1,1,0,0.4345312892686604,1,1.163700193253568,False,False,True
488,0,1,1,0.723548630309123,0,-0.05042144409739929,True,False,False
489,0,3,1,0.37170143252073384,0,-0.4863374216869257,False,False,True
490,1,3,1,0.10781603417944208,1,-0.32828012727224753,False,False,True
491,0,3,1,0.34656948982156316,1,-0.2463983948905696,False,False,True
492,0,3,1,0.2586076903744659,0,-0.5024451714361923,False,False,True
493,0,1,1,0.685850716260367,0,-0.034313694348132716,False,False,True
494,0,1,1,0.8869062578537321,0,0.3483299278831318,True,False,False
495,0,3,1,0.2586076903744659,0,-0.4863374216869257,False,False,True
496,0,3,1,0.34656948982156316,0,-0.3573083057891445,True,False,False
497,1,1,0,0.6732847449107816,1,0.9274538680872313,True,False,False
498,0,3,1,0.34656948982156316,0,-0.3443878770215141,False,False,True
499,0,1,0,0.3088715757728072,1,2.4029901895877646,False,False,True
500,0,3,1,0.2963056044232219,0,-0.49145565916975514,False,False,True
501,0,3,1,0.20834380497612465,0,-0.47400492578514347,False,False,True
502,0,3,0,0.2586076903744659,0,-0.49237782784290063,False,True,False
503,0,3,0,0.34656948982156316,0,-0.4948100980550399,False,True,False
504,0,3,0,0.4596632319678311,0,-0.455380340137554,False,False,True
505,1,1,0,0.19577783362653933,0,1.093228788100527,False,False,True
506,0,1,1,0.22090977632571,1,1.5442457810799908,True,False,False
507,1,2,0,0.4093993465694898,0,-0.12491978668775715,False,False,True
508,1,1,1,0.34656948982156316,0,-0.11384570873513637,False,False,True
509,0,3,1,0.34656948982156316,0,-0.1948878246611338,False,False,True
510,1,3,1,0.32143754712239253,0,0.48910360681684706,False,False,True
511,1,3,1,0.35913546117114853,0,-0.49237782784290063,False,True,False
512,0,3,1,0.34656948982156316,0,-0.4863374216869257,False,False,True
513,1,1,1,0.4470972606182458,0,-0.11913106412161445,False,False,True
514,1,1,0,0.6732847449107816,1,0.5475787653441219,True,False,False
515,0,3,1,0.2963056044232219,0,-0.4974960653257301,False,False,True
516,0,1,1,0.5853229454636844,0,0.036576512298389464,False,False,True
517,1,2,0,0.4219653179190751,0,-0.43700743807979686,False,False,True
518,0,3,1,0.34656948982156316,0,-0.1621689579829361,False,True,False
519,1,2,0,0.4470972606182458,1,-0.12491978668775715,False,False,True
520,0,3,1,0.39683337521990447,0,-0.4894421904510968,False,False,True
521,1,1,0,0.37170143252073384,0,1.2341715984066093,False,False,True
522,0,3,1,0.2711736617240512,0,-0.4894421904510968,False,False,True
523,0,3,1,0.34656948982156316,0,-0.5029485386158568,True,False,False
524,1,1,0,0.5476250314149284,0,0.5189714017894245,True,False,False
525,0,3,1,0.34656948982156316,0,-0.5028639729296732,True,False,False
526,0,3,1,0.5036441316913798,0,-0.49237782784290063,False,True,False
527,1,2,0,0.6230208595124404,0,-0.43700743807979686,False,False,True
528,0,1,1,0.34656948982156316,0,3.817033162951754,False,False,True
529,0,3,1,0.4847951746670017,0,-0.4888542575852486,False,False,True
530,0,2,1,0.2837396330736366,2,-0.41687275089321363,False,False,True
531,1,2,0,0.01985423473234481,1,-0.12491978668775715,False,False,True
532,0,3,1,0.34656948982156316,0,-0.5028639729296732,True,False,False
533,0,3,1,0.20834380497612465,1,-0.5028639729296732,True,False,False
534,1,3,0,0.34656948982156316,0,-0.19824427701513722,True,False,False
535,0,3,0,0.37170143252073384,0,-0.47400492578514347,False,False,True
536,1,2,0,0.08268409148027142,0,-0.11988611489111134,False,False,True
537,0,1,1,0.5601910027645137,0,-0.11384570873513637,False,False,True
538,1,1,0,0.37170143252073384,0,1.4944124302931971,True,False,False
539,0,3,1,0.34656948982156316,0,-0.35646868933346404,False,False,True
540,1,1,0,0.2711736617240512,0,0.3482453621969482,True,False,False
541,1,1,0,0.4470972606182458,0,0.7811411367084872,False,False,True
542,0,3,0,0.10781603417944208,4,-0.01870931177853076,False,False,True
543,0,3,0,0.1329479768786127,4,-0.01870931177853076,False,False,True
544,1,2,1,0.39683337521990447,1,-0.12491978668775715,False,False,True
545,0,1,1,0.6230208595124404,1,1.4944124302931971,True,False,False
546,0,1,1,0.7989444584066349,0,-0.12491978668775715,False,False,True
547,1,2,0,0.2334757476752953,1,-0.12491978668775715,False,False,True
548,1,2,1,0.34656948982156316,0,-0.3693045524149108,True,False,False
549,0,3,1,0.4093993465694898,1,-0.2351571990343002,False,False,True
550,1,2,1,0.09525006282985675,1,0.09152810056801232,False,False,True
551,1,1,1,0.20834380497612465,0,1.5841789061771412,True,False,False
552,0,2,1,0.33400351847197784,0,-0.12491978668775715,False,False,True
553,0,3,1,0.34656948982156316,0,-0.49078316061772326,False,True,False
554,1,3,1,0.2711736617240512,0,-0.5029485386158568,True,False,False
555,1,3,0,0.2711736617240512,0,-0.4918744606632361,False,False,True
556,0,1,1,0.7738125157074642,0,-0.11384570873513637,False,False,True
557,1,1,0,0.5978889168132697,1,0.1489119590497745,True,False,False
558,0,1,1,0.34656948982156316,0,3.9327230485884233,True,False,False
559,1,1,0,0.4847951746670017,1,0.955306180872432,False,False,True
560,1,3,0,0.4470972606182458,1,-0.29807809649237277,False,False,True
561,0,3,1,0.34656948982156316,0,-0.49237782784290063,False,True,False
562,0,3,1,0.49736114601658704,0,-0.4894421904510968,False,False,True
563,0,2,1,0.34656948982156316,0,-0.3766033765200472,False,False,True
564,0,3,1,0.34656948982156316,0,-0.4863374216869257,False,False,True
565,0,3,0,0.34656948982156316,0,-0.4863374216869257,False,False,True
566,0,3,1,0.2963056044232219,2,-0.1621689579829361,False,False,True
567,0,3,1,0.2334757476752953,0,-0.4894421904510968,False,False,True
568,0,3,0,0.35913546117114853,0,-0.22408312108167944,False,False,True
569,0,3,1,0.34656948982156316,0,-0.5028639729296732,True,False,False
570,1,3,1,0.39683337521990447,0,-0.4902797934380587,False,False,True
571,1,2,1,0.7738125157074642,0,-0.43700743807979686,False,False,True
572,1,1,0,0.6607187735611963,2,0.38809593507663365,False,False,True
573,1,1,1,0.4470972606182458,0,-0.11711759540295616,False,False,True
574,1,3,0,0.34656948982156316,0,-0.49237782784290063,False,True,False
575,0,3,1,0.19577783362653933,0,-0.4863374216869257,False,False,True
576,0,3,1,0.2334757476752953,0,-0.35646868933346404,False,False,True
577,1,2,0,0.4219653179190751,0,-0.3866707201133388,False,False,True
578,1,1,0,0.4847951746670017,1,0.4771073601910807,False,False,True
579,0,3,0,0.34656948982156316,1,-0.3573083057891445,True,False,False
580,1,3,1,0.39683337521990447,0,-0.4888542575852486,False,False,True
581,1,2,0,0.3088715757728072,1,-0.04438103794142432,False,False,True
582,1,1,0,0.4847951746670017,1,1.5841789061771412,True,False,False
583,0,2,1,0.6732847449107816,0,-0.12491978668775715,False,False,True
584,0,1,1,0.4470972606182458,0,0.15948266982273065,True,False,False
585,0,3,1,0.34656948982156316,0,-0.47299819142581434,True,False,False
586,1,1,0,0.22090977632571,0,0.955306180872432,False,False,True
587,0,2,1,0.5853229454636844,0,-0.3464013457401724,False,False,True
588,1,1,1,0.7486805730082936,1,0.9462455716384695,True,False,False
589,0,3,1,0.2711736617240512,0,-0.4863374216869257,False,False,True
590,0,3,1,0.34656948982156316,0,-0.4863374216869257,False,False,True
591,0,3,1,0.4345312892686604,0,-0.5049620073345151,False,False,True
592,1,1,0,0.648152802211611,1,0.9274538680872313,True,False,False
593,0,3,1,0.5853229454636844,0,-0.5024451714361923,False,False,True
594,0,3,0,0.34656948982156316,0,-0.49237782784290063,False,True,False
595,0,2,1,0.4596632319678311,1,-0.12491978668775715,False,False,True
596,0,3,1,0.4470972606182458,1,-0.1621689579829361,False,False,True
597,1,2,0,0.34656948982156316,0,0.016023023618325298,False,False,True
598,0,3,1,0.610454888162855,0,-0.6484216535389205,False,False,True
599,0,3,1,0.34656948982156316,0,-0.5029485386158568,True,False,False
600,1,1,1,0.610454888162855,1,0.49782998024351216,True,False,False
601,1,2,0,0.2963056044232219,2,-0.10478509950117394,False,False,True
602,0,3,1,0.34656948982156316,0,-0.4894421904510968,False,False,True
603,0,1,1,0.34656948982156316,0,0.2052890831722074,False,False,True
604,0,3,1,0.5476250314149284,0,-0.4863374216869257,False,False,True
605,1,1,1,0.4345312892686604,0,-0.11384570873513637,True,False,False
606,0,3,1,0.4470972606182458,1,-0.3353272677875516,False,False,True
607,0,3,1,0.37170143252073384,0,-0.4894421904510968,False,False,True
608,1,1,1,0.33400351847197784,0,-0.034313694348132716,False,False,True
609,1,2,0,0.2711736617240512,1,0.18876253192945994,True,False,False
610,1,1,0,0.49736114601658704,0,2.441497778832105,False,False,True
611,0,3,0,0.4847951746670017,1,-0.01870931177853076,False,False,True
612,0,3,1,0.34656948982156316,0,-0.5064721088735089,False,False,True
613,1,3,0,0.34656948982156316,1,-0.3363340021468808,False,True,False
614,0,3,1,0.34656948982156316,0,-0.49237782784290063,False,True,False
615,0,3,1,0.4345312892686604,0,-0.4863374216869257,False,False,True
616,1,2,0,0.2963056044232219,1,0.6603330135889879,False,False,True
617,0,3,1,0.4219653179190751,1,-0.35848215805212236,False,False,True
618,0,3,0,0.32143754712239253,1,-0.32425318983493084,False,False,True
619,1,2,0,0.04498617743151546,2,0.13683114673782454,False,False,True
620,0,2,1,0.32143754712239253,0,-0.43700743807979686,False,False,True
621,0,3,1,0.33400351847197784,1,-0.3573908580066095,True,False,False
622,1,1,1,0.5224930887157577,1,0.40974072380221066,False,False,True
623,1,3,1,0.24604171902488062,1,-0.33146744825388363,True,False,False
624,0,3,1,0.2586076903744659,0,-0.4902797934380587,False,False,True
625,0,3,1,0.2586076903744659,0,-0.32425318983493084,False,False,True
626,0,1,1,0.7612465443578789,0,0.002347544081197954,False,False,True
627,0,2,1,0.7109826589595376,0,-0.3997582667846179,False,True,False
628,1,1,0,0.2586076903744659,0,0.921244330558889,False,False,True
629,0,3,1,0.32143754712239253,0,-0.4894421904510968,False,False,True
630,0,3,1,0.34656948982156316,0,-0.49271407711891657,False,True,False
631,1,1,1,1.0,0,-0.04438103794142432,False,False,True
632,0,3,1,0.6355868308620256,0,-0.5063875431873253,False,False,True
633,1,1,1,0.39683337521990447,0,-0.034313694348132716,True,False,False
634,0,1,1,0.34656948982156316,0,-0.6484216535389205,False,False,True
635,0,3,0,0.10781603417944208,3,-0.08666388103324908,False,False,True
636,1,2,0,0.34656948982156316,0,-0.3866707201133388,False,False,True
637,0,3,1,0.39683337521990447,0,-0.4888542575852486,False,False,True
638,0,2,1,0.38426740387031916,1,-0.11988611489111134,False,False,True
639,0,3,0,0.5099271173661725,0,0.1506737441786005,False,False,True
640,0,3,1,0.34656948982156316,1,-0.32425318983493084,False,False,True
641,0,3,1,0.24604171902488062,0,-0.4902797934380587,False,False,True
642,1,1,0,0.2963056044232219,0,0.7469121684912956,True,False,False
643,0,3,0,0.01985423473234481,3,-0.08666388103324908,False,False,True
644,1,3,1,0.34656948982156316,0,0.48910360681684706,False,False,True
645,1,3,0,0.0041467705453631576,2,-0.26066180729354516,True,False,False
646,1,1,1,0.5978889168132697,1,0.8964967865378598,True,False,False
647,0,3,1,0.2334757476752953,0,-0.4894421904510968,False,False,True
648,1,1,1,0.6984166876099522,0,0.06635974158478332,True,False,False
649,0,3,1,0.34656948982156316,0,-0.49640476528021726,False,False,True
650,1,3,0,0.2837396330736366,0,-0.49640476528021726,False,False,True
651,0,3,1,0.34656948982156316,0,-0.4894421904510968,False,False,True
652,1,2,0,0.22090977632571,0,-0.18532384824750675,False,False,True
653,0,3,1,0.2586076903744659,0,-0.47861979608830835,False,False,True
654,1,3,0,0.34656948982156316,0,-0.49078316061772326,False,True,False
655,0,3,0,0.22090977632571,0,-0.5125125150294839,False,True,False
656,0,2,1,0.2963056044232219,2,0.8314778546749452,False,False,True
657,0,3,1,0.34656948982156316,0,-0.4894421904510968,False,False,True
658,0,3,0,0.39683337521990447,1,-0.3363340021468808,False,True,False
659,0,2,1,0.2837396330736366,0,-0.3866707201133388,False,False,True
660,0,1,1,0.723548630309123,0,1.6323350375212924,True,False,False
661,1,1,1,0.6230208595124404,2,2.042579288947925,False,False,True
662,0,3,1,0.49736114601658704,0,-0.5029485386158568,True,False,False
663,0,1,1,0.5853229454636844,0,-0.13322534515222276,False,False,True
664,0,3,1,0.4470972606182458,0,-0.4974960653257301,False,False,True
665,1,3,1,0.24604171902488062,1,-0.4888542575852486,False,False,True
666,0,2,1,0.39683337521990447,2,0.8314778546749452,False,False,True
667,0,2,1,0.3088715757728072,0,-0.3866707201133388,False,False,True
668,0,3,1,0.34656948982156316,0,-0.4918744606632361,False,False,True
669,0,3,1,0.5350590600653431,0,-0.4863374216869257,False,False,True
670,1,1,0,0.34656948982156316,1,0.39858208016340624,False,False,True
671,1,2,0,0.49736114601658704,1,0.13683114673782454,False,False,True
672,0,1,1,0.38426740387031916,1,0.39858208016340624,False,False,True
673,0,2,1,0.8743402865041467,0,-0.43700743807979686,False,False,True
674,1,2,1,0.38426740387031916,0,-0.3866707201133388,False,False,True
675,0,2,1,0.34656948982156316,0,-0.6484216535389205,False,False,True
676,0,3,1,0.22090977632571,0,-0.4918744606632361,False,False,True
677,0,3,1,0.30258859009801453,0,-0.4863374216869257,False,False,True
678,1,3,0,0.22090977632571,0,-0.45026210265472455,False,False,True
679,0,3,0,0.5350590600653431,1,0.2958951755118318,False,False,True
680,1,1,1,0.4470972606182458,0,9.667166525013505,True,False,False
681,0,3,0,0.34656948982156316,0,-0.48457563655809965,False,True,False
682,1,1,1,0.33400351847197784,0,0.8964967865378598,True,False,False
683,0,3,1,0.24604171902488062,0,-0.4626791642426904,False,False,True
684,0,3,1,0.17064589092736868,5,0.2958951755118318,False,False,True
685,0,2,1,0.7486805730082936,1,0.13683114673782454,False,False,True
686,0,2,1,0.3088715757728072,1,0.18876253192945994,True,False,False
687,0,3,1,0.17064589092736868,4,0.1506737441786005,False,False,True
688,0,3,1,0.2334757476752953,0,-0.44363577710162005,False,False,True
689,0,3,1,0.22090977632571,0,-0.49145565916975514,False,False,True
690,1,1,0,0.18321186227695402,0,3.6067927997556075,False,False,True
691,1,1,1,0.38426740387031916,1,0.49925551609632224,False,False,True
692,1,3,0,0.04498617743151546,0,-0.37828059596268965,True,False,False
693,1,3,1,0.34656948982156316,0,0.48910360681684706,False,False,True
694,0,3,1,0.3088715757728072,0,-0.5029485386158568,True,False,False
695,0,1,1,0.7486805730082936,0,-0.11384570873513637,False,False,True
696,0,2,1,0.648152802211611,0,-0.3766033765200472,False,False,True
697,0,3,1,0.5476250314149284,0,-0.4863374216869257,False,False,True
698,1,3,0,0.34656948982156316,0,-0.49271407711891657,False,True,False
699,0,1,1,0.610454888162855,1,1.5841789061771412,True,False,False
700,0,3,1,0.5224930887157577,0,-0.494391296561559,False,False,True
701,1,1,0,0.22090977632571,1,3.9327230485884233,True,False,False
702,1,1,1,0.4345312892686604,0,-0.11913106412161445,False,False,True
703,0,3,0,0.22090977632571,0,-0.3573908580066095,True,False,False
704,0,3,1,0.3088715757728072,0,-0.4925449457465493,False,True,False
705,0,3,1,0.32143754712239253,1,-0.4902797934380587,False,False,True
706,0,2,1,0.4847951746670017,0,-0.12491978668775715,False,False,True
707,1,2,0,0.5601910027645137,0,-0.3766033765200472,False,False,True
708,1,1,1,0.5224930887157577,0,-0.11913106412161445,False,False,True
709,1,1,0,0.2711736617240512,0,2.4029901895877646,False,False,True
710,1,3,1,0.34656948982156316,1,-0.3414522396297103,True,False,False
711,1,1,0,0.2963056044232219,0,0.3483299278831318,True,False,False
712,0,1,1,0.34656948982156316,0,-0.11384570873513637,False,False,True
713,1,1,1,0.5978889168132697,1,0.39858208016340624,False,False,True
714,0,3,1,0.35913546117114853,0,-0.457478374542396,False,False,True
715,0,2,1,0.648152802211611,0,-0.3866707201133388,False,False,True
716,0,3,1,0.2334757476752953,0,-0.494391296561559,False,False,True
717,1,1,0,0.4722292033174164,0,3.9327230485884233,True,False,False
718,1,2,0,0.33400351847197784,0,-0.43700743807979686,False,False,True
719,0,3,1,0.34656948982156316,0,-0.3363340021468808,False,True,False
720,0,3,1,0.4093993465694898,0,-0.4918744606632361,False,False,True
721,1,2,0,0.0701181201306861,0,0.016023023618325298,False,False,True
722,0,3,1,0.20834380497612465,1,-0.5063875431873253,False,False,True
723,0,2,1,0.4219653179190751,0,-0.3866707201133388,False,False,True
724,0,2,1,0.6230208595124404,0,-0.3866707201133388,False,False,True
725,1,1,1,0.33400351847197784,1,0.4207302360686478,False,False,True
726,0,3,1,0.24604171902488062,0,-0.47400492578514347,False,False,True
727,1,2,0,0.37170143252073384,3,-0.22559322262067316,False,False,True
728,1,3,0,0.34656948982156316,0,-0.4926295114327329,False,True,False
729,0,2,1,0.3088715757728072,1,-0.12491978668775715,False,False,True
730,0,3,0,0.3088715757728072,1,-0.4888542575852486,False,False,True
731,1,1,0,0.35913546117114853,0,3.6067927997556075,False,False,True
732,0,3,1,0.1329479768786127,0,-0.2701412180209885,True,False,False
733,0,2,1,0.34656948982156316,0,-0.6484216535389205,False,False,True
734,0,2,1,0.2837396330736366,0,-0.3866707201133388,False,False,True
735,0,2,1,0.2837396330736366,0,-0.3866707201133388,False,False,True
736,0,3,1,0.35285247549635584,0,-0.32425318983493084,False,False,True
737,0,3,0,0.5978889168132697,1,0.04370821849987721,False,False,True
738,1,1,1,0.4345312892686604,0,9.667166525013505,True,False,False
739,0,3,1,0.34656948982156316,0,-0.4894421904510968,False,False,True
740,0,3,1,0.34656948982156316,0,-0.4894421904510968,False,False,True
741,1,1,1,0.34656948982156316,0,-0.04438103794142432,False,False,True
742,0,1,1,0.4470972606182458,1,0.9391984311231651,False,False,True
743,1,1,0,0.2586076903744659,2,4.634416897040849,True,False,False
744,0,3,1,0.2963056044232219,1,-0.32425318983493084,False,False,True
745,1,3,1,0.38426740387031916,0,-0.4888542575852486,False,False,True
746,0,1,1,0.8743402865041467,1,0.7811411367084872,False,False,True
747,0,3,1,0.19577783362653933,1,-0.24069423801061057,False,False,True
748,1,2,0,0.37170143252073384,0,-0.3866707201133388,False,False,True
749,0,1,1,0.2334757476752953,1,0.4207302360686478,False,False,True
750,0,3,1,0.38426740387031916,0,-0.49237782784290063,False,True,False
751,1,2,0,0.04498617743151546,1,-0.18532384824750675,False,False,True
752,1,3,1,0.0701181201306861,0,-0.397241430886295,False,False,True
753,0,3,1,0.4093993465694898,0,-0.45714212526638004,False,False,True
754,0,3,1,0.2837396330736366,0,-0.4894421904510968,False,False,True
755,1,2,0,0.5978889168132697,1,0.6603330135889879,False,False,True
756,1,2,1,0.003141492837396331,1,-0.35646868933346404,False,False,True
757,0,3,1,0.34656948982156316,0,-0.49145565916975514,False,False,True
758,0,2,1,0.22090977632571,0,-0.41687275089321363,False,False,True
759,0,3,1,0.4219653179190751,0,-0.4863374216869257,False,False,True
760,1,1,0,0.4093993465694898,0,1.093228788100527,False,False,True
761,0,3,1,0.34656948982156316,0,-0.35646868933346404,False,False,True
762,0,3,1,0.5099271173661725,0,-0.5049620073345151,False,False,True
763,1,3,1,0.24604171902488062,0,-0.5028639729296732,True,False,False
764,1,1,0,0.4470972606182458,1,1.7677408088510642,False,False,True
765,0,3,1,0.19577783362653933,0,-0.4918744606632361,False,False,True
766,1,1,0,0.6355868308620256,1,0.921244330558889,False,False,True
767,0,1,1,0.34656948982156316,0,0.1489119590497745,True,False,False
768,0,3,0,0.3779844181955265,0,-0.49237782784290063,False,True,False
769,0,3,1,0.34656948982156316,1,-0.1621689579829361,False,True,False
770,0,3,1,0.39683337521990447,0,-0.4800453319411184,False,False,True
771,0,3,1,0.2963056044232219,0,-0.45714212526638004,False,False,True
772,0,3,1,0.5978889168132697,0,-0.4902797934380587,False,False,True
773,0,2,0,0.7109826589595376,0,-0.43700743807979686,False,False,True
774,0,3,1,0.34656948982156316,0,-0.5029485386158568,True,False,False
775,1,2,0,0.6732847449107816,1,-0.18532384824750675,False,False,True
776,0,3,1,0.22090977632571,0,-0.49237782784290063,False,False,True
777,0,3,1,0.34656948982156316,0,-0.49237782784290063,False,True,False
778,1,3,0,0.05755214878110078,0,-0.397241430886295,False,False,True
779,0,3,1,0.34656948982156316,0,-0.4926295114327329,False,True,False
780,1,1,0,0.5350590600653431,0,3.6067927997556075,False,False,True
781,1,3,0,0.15807991957778336,0,-0.5028639729296732,True,False,False
782,1,1,0,0.20834380497612465,1,0.49925551609632224,False,False,True
783,0,1,1,0.35913546117114853,0,-0.04438103794142432,False,False,True
784,0,3,1,0.34656948982156316,1,-0.17626323901354432,False,False,True
785,0,3,1,0.3088715757728072,0,-0.5064721088735089,False,False,True
786,0,3,1,0.3088715757728072,0,-0.5024451714361923,False,False,True
787,1,3,0,0.22090977632571,0,-0.4974960653257301,False,False,True
788,0,3,1,0.09525006282985675,4,-0.06199888922968463,False,True,False
789,1,3,1,0.007288263382759488,1,-0.23415046467497105,False,False,True
790,0,1,1,0.5727569741140991,0,0.9462455716384695,True,False,False
791,0,3,1,0.34656948982156316,0,-0.49237782784290063,False,True,False
792,0,2,1,0.19577783362653933,0,-0.12491978668775715,False,False,True
793,0,3,0,0.34656948982156316,8,0.7519458402879414,False,False,True
794,0,1,1,0.34656948982156316,0,-0.030371322596999754,True,False,False
795,0,3,1,0.3088715757728072,0,-0.4894421904510968,False,False,True
796,0,2,1,0.4847951746670017,0,-0.3866707201133388,False,False,True
797,1,1,0,0.610454888162855,0,-0.1263453225405672,False,False,True
798,1,3,0,0.38426740387031916,0,-0.4735861242916626,False,False,True
799,0,3,1,0.37170143252073384,0,-0.5028639729296732,True,False,False
800,0,3,0,0.37170143252073384,1,-0.1621689579829361,False,False,True
801,0,2,1,0.4219653179190751,0,-0.3866707201133388,False,False,True
802,1,2,0,0.38426740387031916,1,-0.11988611489111134,False,False,True
803,1,1,1,0.1329479768786127,1,1.7677408088510642,False,False,True
804,1,3,1,0.0,0,-0.47694056317694733,True,False,False
805,1,3,1,0.33400351847197784,0,-0.5079822104125026,False,False,True
806,0,3,1,0.38426740387031916,0,-0.4918744606632361,False,False,True
807,0,1,1,0.4847951746670017,0,-0.6484216535389205,False,False,True
808,0,3,0,0.22090977632571,0,-0.4918744606632361,False,False,True
809,0,2,1,0.4847951746670017,0,-0.3866707201133388,False,False,True
810,1,1,0,0.4093993465694898,1,0.4207302360686478,False,False,True
811,0,3,1,0.32143754712239253,0,-0.4896093083547455,False,False,True
812,0,3,1,0.4847951746670017,0,-0.1621689579829361,False,False,True
813,0,2,1,0.4345312892686604,0,-0.43700743807979686,False,False,True
814,0,3,0,0.0701181201306861,4,-0.01870931177853076,False,False,True
815,0,3,1,0.3779844181955265,0,-0.4863374216869257,False,False,True
816,0,1,1,0.34656948982156316,0,-0.6484216535389205,False,False,True
817,0,3,0,0.2837396330736366,0,-0.4888542575852486,False,False,True
818,0,2,1,0.38426740387031916,1,0.09664633805084172,True,False,False
819,0,3,1,0.5350590600653431,0,-0.5185529211854588,False,False,True
820,0,3,1,0.12038200552902739,3,-0.08666388103324908,False,False,True
821,1,1,0,0.648152802211611,1,1.2341715984066093,False,False,True
822,1,3,1,0.33400351847197784,0,-0.47400492578514347,False,False,True
823,0,1,1,0.4722292033174164,0,-0.6484216535389205,False,False,True
824,1,3,0,0.33400351847197784,0,-0.397241430886295,False,False,True
825,0,3,1,0.01985423473234481,4,0.1506737441786005,False,False,True
826,0,3,1,0.34656948982156316,0,-0.5084855775921673,False,True,False
827,0,3,1,0.34656948982156316,0,0.48910360681684706,False,False,True
828,1,2,1,0.007288263382759488,0,0.09664633805084172,True,False,False
829,1,3,1,0.34656948982156316,0,-0.49237782784290063,False,True,False
830,1,1,0,0.7738125157074642,0,0.962353321387736,False,False,True
831,1,3,0,0.18321186227695402,1,-0.3573908580066095,True,False,False
832,1,2,1,0.005152048253329982,1,-0.2708962687904854,False,False,True
833,0,3,1,0.34656948982156316,0,-0.5028639729296732,True,False,False
834,0,3,1,0.2837396330736366,0,-0.4902797934380587,False,False,True
835,0,3,1,0.22090977632571,0,-0.48130374989027985,False,False,True
836,1,1,0,0.4847951746670017,1,1.0259447039291216,True,False,False
837,0,3,1,0.2586076903744659,0,-0.47400492578514347,False,False,True
838,0,3,1,0.34656948982156316,0,-0.4863374216869257,False,False,True
839,1,3,1,0.39683337521990447,0,0.48910360681684706,False,False,True
840,1,1,1,0.34656948982156316,0,-0.05042144409739929,True,False,False
841,0,3,1,0.24604171902488062,0,-0.4888542575852486,False,False,True
842,0,2,1,0.19577783362653933,0,-0.43700743807979686,False,False,True
843,1,1,0,0.37170143252073384,0,-0.024246350754841113,True,False,False
844,0,3,1,0.4282483035938678,0,-0.5188046047752911,True,False,False
845,0,3,1,0.20834380497612465,0,-0.47400492578514347,False,False,True
846,0,3,1,0.5224930887157577,0,-0.49640476528021726,False,False,True
847,0,3,1,0.34656948982156316,8,0.7519458402879414,False,False,True
848,0,3,1,0.4345312892686604,0,-0.4894421904510968,True,False,False
849,0,2,1,0.34656948982156316,0,0.016023023618325298,False,False,True
850,1,1,0,0.34656948982156316,1,1.145663540471827,True,False,False
851,0,3,1,0.04498617743151546,4,-0.01870931177853076,False,False,True
852,0,3,1,0.9246041719024881,0,-0.4918744606632361,False,False,True
853,0,3,0,0.10781603417944208,1,-0.3414522396297103,True,False,False
854,1,1,0,0.19577783362653933,0,0.14488502161245778,False,False,True
855,0,2,0,0.5476250314149284,1,-0.12491978668775715,False,False,True
856,1,3,0,0.22090977632571,0,-0.4601623283443675,False,False,True
857,1,1,0,0.5601910027645137,1,2.671117778445337,False,False,True
858,1,1,1,0.6355868308620256,0,-0.11384570873513637,False,False,True
859,1,3,0,0.2963056044232219,0,-0.26066180729354516,True,False,False
860,0,3,1,0.34656948982156316,0,-0.5028639729296732,True,False,False
861,0,3,1,0.5099271173661725,2,-0.36435544630444866,False,False,True
862,0,2,1,0.2586076903744659,1,-0.41687275089321363,False,False,True
863,1,1,0,0.5978889168132697,0,-0.1263453225405672,False,False,True
864,0,3,0,0.34656948982156316,8,0.7519458402879414,False,False,True
865,0,2,1,0.2963056044232219,0,-0.3866707201133388,False,False,True
866,1,2,0,0.5224930887157577,0,-0.3866707201133388,False,False,True
867,1,2,0,0.33400351847197784,1,-0.3693891181010945,True,False,False
868,0,1,1,0.38426740387031916,0,0.3682954836973478,False,False,True
869,0,3,1,0.34656948982156316,0,-0.45714212526638004,False,False,True
870,1,3,1,0.04498617743151546,1,-0.4242561406845337,False,False,True
871,0,3,1,0.32143754712239253,0,-0.4894421904510968,False,False,True
872,1,1,0,0.5853229454636844,1,0.40974072380221066,False,False,True
873,0,1,1,0.4093993465694898,0,-0.5477482176060045,False,False,True
874,0,3,1,0.5853229454636844,0,-0.46720946885967163,False,False,True
875,1,2,0,0.34656948982156316,1,-0.16518916106092355,True,False,False
876,1,3,0,0.18321186227695402,0,-0.5029485386158568,True,False,False
877,0,3,1,0.24604171902488062,0,-0.45017955043725955,False,False,True
878,0,3,1,0.2334757476752953,0,-0.4894421904510968,False,False,True
879,0,3,1,0.34656948982156316,0,-0.4894421904510968,False,False,True
880,1,1,0,0.6984166876099522,0,1.0259447039291216,True,False,False
881,1,2,0,0.3088715757728072,0,-0.12491978668775715,False,False,True
882,0,3,1,0.4093993465694898,0,-0.4894421904510968,False,False,True
883,0,3,0,0.2711736617240512,0,-0.4366711888037809,False,False,True
884,0,2,1,0.34656948982156316,0,-0.43700743807979686,False,False,True
885,0,3,1,0.3088715757728072,0,-0.5064721088735089,False,False,True
886,0,3,0,0.4847951746670017,0,-0.06199888922968463,False,True,False
887,0,2,1,0.33400351847197784,0,-0.3866707201133388,False,False,True
888,1,1,0,0.2334757476752953,0,-0.04438103794142432,False,False,True
889,0,3,0,0.34656948982156316,1,-0.17626323901354432,False,False,True
890,1,1,1,0.32143754712239253,0,-0.04438103794142432,True,False,False
891,0,3,1,0.39683337521990447,0,-0.49237782784290063,False,True,False
